food,calories,fat,sugar,decimal
pizZa,300,20,3,3.4
tWinkies,1000,420,100,22.4
 pinapple,100,1,10,2993.3
"some, thing",32,4,2,4.4
SalMon ,399,11,3,22.1
"candy, cane",200,2,80,889.0002
avocado,300,,8,33333.2
Black White,88,23,12,331.456
"b, a adjjdjddj",23,44,67,99
 ice cream,100,10,38,902.4
1000,838,2,99,77.8
200,882,1,2888,99.4
