food,calories,fat,sugar,decimal
200,882,1,2888,99.4
1000,838,2,99,77.8
[somename],232,45,0,999.1
avocado,300,,8,33333.2
"b, a adjjdjddj",23,44,67,99
Black White,88,23,12,331.456
"candy, cane",200,2,80,889.0002
 ice cream,100,10,38,902.4
 pinapple,100,1,10,2993.3
pizZa,300,20,3,3.4
SalMon ,399,11,3,22.1
"some, thing",32,4,2,4.4
tWinkies,1000,420,100,22.4
